start_time_utc,open,high,low,close,volume,turnover
2026-03-09T13:44:00Z,0.09218,0.0922,0.09205,0.09213,5471120,504098.64727
